working,age,education_level,question_1,question_2,question_3,question_4,question_5,question_6,question_7,question_8,question_9,question_10,question_11,question_12,question_13,question_14,question_15,question_16,question_17,question_18,question_19,question_20,question_21
Si,35-44 años,Maestría,"Guío a otros hacia las recompensas por su trabajo estableciendo metas claras y alcanzables, proporcionando retroalimentación constante y constructiva, y reconociendo y celebrando los logros individuales y del equipo. Además, me aseguro de alinear las recompensas con los valores y objetivos de la organización, fomentando un ambiente de trabajo motivador y positivo donde todos se sientan valorados y recompensados por sus esfuerzos y contribuciones.","Reconozco y recompenso a quienes alcanzan sus metas de varias maneras. Primero, destaco sus logros en reuniones de equipo o eventos corporativos, asegurándome de que sus esfuerzos sean visibles y apreciados por todos. También ofrezco incentivos financieros o premios tangibles, como bonos, tarjetas de regalo o días libres adicionales. Proporciono oportunidades para avanzar en sus carreras, como acceso a cursos de capacitación, mentoría, o promociones dentro de la organización. Brindo retroalimentación personalizada y específica sobre cómo sus contribuciones han impactado positivamente al equipo y a la organización. Además, organizo eventos o pequeñas celebraciones para marcar hitos importantes y reconocer el esfuerzo colectivo e individual. Estas acciones no solo motivan a los empleados, sino que también refuerzan una cultura de excelencia y apreciación en el lugar de trabajo.","Resalto las recompensas que otros pueden obtener por sus logros de varias maneras. Primero, comunico claramente las oportunidades de recompensas desde el principio, asegurándome de que todos comprendan qué incentivos están disponibles y cómo pueden alcanzarlos. Utilizo ejemplos concretos de colegas que han sido recompensados anteriormente, lo que ayuda a motivar al equipo y a ilustrar que las recompensas son alcanzables. Además, envío comunicaciones periódicas, como correos electrónicos o boletines internos, destacando historias de éxito y las recompensas otorgadas. Durante las reuniones de equipo, menciono y celebro los logros recientes, lo que no solo motiva a los individuos, sino que también establece un estándar claro de lo que se valora en la organización.","Apoyo el desarrollo personal y profesional de otros de varias maneras. Primero, identifico las fortalezas y áreas de mejora de cada individuo a través de evaluaciones regulares y retroalimentación constructiva. Luego, diseño planes de desarrollo personalizados que incluyen oportunidades de capacitación, mentoría y acceso a recursos educativos. También fomento un ambiente de aprendizaje continuo, animando a mi equipo a participar en cursos, talleres y conferencias que puedan enriquecer sus habilidades y conocimientos. Además, promuevo la rotación de tareas y proyectos desafiantes que permitan a los empleados adquirir experiencia en diferentes áreas y desarrollar nuevas competencias. Finalmente, me aseguro de brindar apoyo constante y estar disponible para asesorar y guiar a mi equipo en su camino hacia el crecimiento profesional.","Hago saber a otros mi opinión sobre su desempeño a través de una comunicación abierta y honesta, proporcionando retroalimentación regular y específica. Realizo reuniones de retroalimentación individuales donde discutimos sus logros, áreas de mejora y metas futuras. En estas reuniones, utilizo ejemplos concretos para respaldar mis observaciones y me aseguro de que la retroalimentación sea constructiva y orientada al desarrollo. También animo a que compartan sus propias perspectivas y preocupaciones, fomentando un diálogo bidireccional. Además, proporciono retroalimentación inmediata después de la finalización de tareas o proyectos importantes, asegurándome de que mi equipo tenga una comprensión clara de su desempeño y cómo pueden mejorar continuamente.","Para prestar atención a quienes parecen sentirse excluidos o rechazados, primero observo atentamente las dinámicas del equipo y las interacciones individuales para identificar cualquier señal de aislamiento o descontento. Luego, me acerco a esas personas de manera privada y discreta para conversar y entender mejor sus sentimientos y preocupaciones. Durante estas conversaciones, escucho activamente y con empatía, asegurándome de que se sientan escuchados y valorados.

Además, implemento acciones específicas para integrar más a estas personas en el equipo, como asignarles roles o responsabilidades que les permitan colaborar más estrechamente con otros miembros del equipo. También promuevo actividades de cohesión de equipo, como almuerzos, reuniones informales o eventos de equipo, donde todos puedan interactuar en un ambiente más relajado y amigable.","Para que otros se sientan bien al estar cerca de mí, adopto una actitud abierta, positiva y accesible. Trato de ser siempre respetuoso y empático, escuchando activamente y mostrando interés genuino en lo que dicen. Valoro y respeto las opiniones y perspectivas de los demás, creando un ambiente de confianza y apoyo donde se sientan cómodos expresándose.

Mantengo una comunicación clara y honesta, y me esfuerzo por ser consistente en mis acciones y palabras, lo que ayuda a construir confianza. También reconozco y celebro los logros de los demás, brindando elogios sinceros y agradecimiento por sus contribuciones.

Promuevo un ambiente de trabajo positivo al fomentar el buen humor y la camaradería, organizando actividades de equipo y momentos de esparcimiento que fortalezcan las relaciones personales. Además, estoy disponible para ayudar y brindar apoyo cuando sea necesario, demostrando que me preocupo por su bienestar y éxito tanto personal como profesional.","Construyo y mantengo la confianza de los demás cumpliendo siempre con mis compromisos y promesas, siendo consistente y transparente en mis acciones y comunicaciones. Practico la honestidad y acepto mis errores, mostrando disposición para mejorar. Escucho activamente a los demás, valoro sus opiniones y actúo en función de sus necesidades, fomentando un ambiente de respeto y apoyo. Además, respaldo a mi equipo en situaciones difíciles, demostrando mi compromiso con su éxito y bienestar. Promuevo una cultura de feedback abierta para facilitar el crecimiento y la confianza mutua.","Incentivo a otros para que se sientan orgullosos de estar asociados conmigo reconociendo y celebrando sus logros públicamente, mostrando aprecio por su trabajo y esfuerzo. Creo un ambiente positivo y motivador, donde todos se sientan valorados y parte de un equipo exitoso. Además, lidero con el ejemplo, demostrando integridad, pasión y compromiso en todo lo que hago, inspirando a otros a seguir mi ejemplo. Fomento el desarrollo profesional y personal, ofreciendo oportunidades de crecimiento y aprendizaje continuo. Finalmente, mantengo una comunicación abierta y transparente, construyendo relaciones basadas en la confianza y el respeto.","Simplifico y comunico los planes y objetivos de la siguiente manera. Primero, defino los objetivos de manera clara y específica. Luego, desgloso los objetivos en pasos más pequeños y manejables, cada uno con sus propias tareas y plazos. Utilizo herramientas visuales como gráficos, diagramas de flujo y cronogramas para ilustrar el plan de acción. Explico el plan a mi equipo de manera sencilla y directa, asegurándome de que todos entiendan sus roles y responsabilidades. Fomento preguntas y retroalimentación para aclarar cualquier duda y ajustar el plan si es necesario. Finalmente, realizo un seguimiento regular del progreso, ofreciendo apoyo y ajustes cuando sea necesario para mantener al equipo enfocado y alineado con los objetivos.","Motivo a mi equipo con visiones o imágenes atractivas sobre la propuesta para lograr una meta u objetivo al pintar una imagen clara y emocionante del éxito futuro. Describo los beneficios y el impacto positivo que alcanzaremos, tanto a nivel personal como colectivo. Utilizo historias y ejemplos concretos para ilustrar cómo nuestras acciones llevarán a resultados positivos y tangibles. También comparto visuales inspiradores, como infografías o videos, que representan nuestra visión y el camino hacia la meta. Fomento la participación y el entusiasmo, destacando cómo cada miembro del equipo contribuye al éxito global, creando un sentido de propósito y pertenencia.","Ayudo a otros a encontrar significado y propósito en su trabajo conectando sus tareas con los objetivos y misión de la organización. Les muestro cómo su trabajo impacta positivamente, destacando historias de éxito. Conozco sus intereses y alineo sus roles con sus pasiones y habilidades, ofreciendo oportunidades de desarrollo. Fomento un ambiente positivo y colaborativo, valorando sus contribuciones y promoviendo la autonomía. Regularmente celebro y reconozco sus logros para que se sientan orgullosos y motivados.","Fomento el pensamiento innovador para abordar problemas antiguos de varias maneras. Primero, animo a mi equipo a cuestionar las prácticas existentes y a proponer nuevas ideas sin temor al fracaso. Organizo sesiones de lluvia de ideas y talleres creativos donde todos pueden aportar libremente. Promuevo un ambiente de experimentación, permitiendo probar nuevas soluciones en pequeñas escalas antes de implementarlas completamente. También introduzco técnicas de resolución de problemas creativos, como el pensamiento lateral y el análisis de casos de éxito en otras industrias. Finalmente, reconozco y celebro las innovaciones exitosas, motivando a todos a seguir pensando de manera creativa y audaz.","Presento nuevas perspectivas para abordar desafíos complejos de la siguiente manera. Primero, analizo el problema desde diferentes ángulos, involucrando a personas con diversas experiencias y conocimientos. Facilito debates abiertos donde todos pueden compartir sus ideas y enfoques. Utilizo estudios de casos y ejemplos de otras industrias para ilustrar soluciones alternativas. También introduzco metodologías y herramientas innovadoras, como el pensamiento de diseño y el análisis de sistemas. Fomento la colaboración interdisciplinaria, alentando a los equipos a trabajar juntos para combinar sus perspectivas únicas. Finalmente, resumo las diferentes perspectivas y propongo un plan de acción que integre las mejores ideas.","Para que los miembros de mi equipo cuestionen y reconsideren ideas no percibidas anteriormente, hago lo siguiente. Primero, fomento una cultura de curiosidad, animando a todos a hacer preguntas y buscar nuevas perspectivas. Organizo sesiones regulares de lluvia de ideas donde todos pueden proponer y discutir nuevas ideas sin juicio. Invito a expertos externos o a empleados de otras áreas para que compartan sus puntos de vista y enfoques diferentes. Permito que los miembros del equipo asuman roles y tareas diferentes a las habituales para ver los problemas desde nuevas perspectivas. Planteo preguntas desafiantes y provocadoras que obliguen al equipo a pensar más allá de las soluciones convencionales. Revisamos casos de estudio y mejores prácticas de otras organizaciones o industrias para inspirar nuevas ideas. Finalmente, creo un entorno donde se permite y se fomenta la experimentación, incluso si algunas ideas no funcionan, con el objetivo de aprender y mejorar continuamente.","Mi actitud hacia los métodos de trabajo ya establecidos es abierta pero crítica. Valoro los métodos que han demostrado ser efectivos y los respeto, reconociendo su importancia y utilidad. Sin embargo, siempre estoy dispuesto a cuestionar y evaluar estos métodos en busca de posibles mejoras. Fomento una mentalidad de mejora continua en mi equipo, animándolos a revisar y ajustar los procesos cuando sea necesario para ser más eficientes y efectivos. Estoy abierto a adoptar nuevas ideas y tecnologías que puedan optimizar nuestro trabajo y nos ayuden a alcanzar nuestras metas de manera más eficaz.","Manejo las sugerencias y deseos de otros de la siguiente manera. Primero, escucho activamente sus ideas y preocupaciones, mostrando que valoro sus aportaciones. Evalúo cada sugerencia de manera objetiva, considerando su viabilidad y cómo se alinea con nuestros objetivos. Fomento un ambiente donde todos se sientan cómodos compartiendo sus ideas, y organizo reuniones regulares para discutir propuestas y obtener feedback del equipo. Si una sugerencia es viable, la incorporo en nuestros planes y doy crédito a la persona que la propuso. Cuando no es posible seguir una sugerencia, explico las razones de manera transparente para que todos entiendan las decisiones tomadas.","Utilizo los siguientes criterios para determinar las expectativas esenciales de mi equipo. Primero, alineo las expectativas con los objetivos y metas de la organización para asegurar que todos trabajen hacia un propósito común. Considero las funciones específicas de cada miembro del equipo y establezco expectativas claras basadas en sus roles y responsabilidades. Evalúo las habilidades y capacidades individuales de los miembros del equipo para establecer expectativas realistas y alcanzables. Reviso el desempeño pasado y uso esa información para ajustar las expectativas y fijar metas de mejora continua. Escucho el feedback y las sugerencias del equipo para comprender sus necesidades y expectativas, asegurando que las metas sean compartidas y realistas. Considero los recursos y herramientas disponibles para el equipo, asegurando que las expectativas sean viables dentro de las limitaciones actuales. Finalmente, establezco expectativas basadas en los plazos y prioridades del proyecto, asegurando que los objetivos sean alcanzables dentro del tiempo asignado.","Defino y comunico los estándares de desempeño esperados de la siguiente manera. Primero, establezco criterios claros y específicos para cada tarea y rol, asegurándome de que sean medibles y alcanzables. Comunico estos estándares a través de reuniones de equipo y documentos escritos, como manuales de procedimientos o guías de trabajo. Aseguro que todos los miembros del equipo entiendan estos estándares mediante explicaciones detalladas y respondiendo cualquier pregunta que puedan tener. Proporciono ejemplos concretos de buen desempeño para ilustrar las expectativas. Además, ofrezco retroalimentación continua y apoyo, ajustando los estándares si es necesario para reflejar cambios en los objetivos o circunstancias del proyecto.","Cuando las cosas están funcionando bien, mi enfoque es mantener y potenciar ese éxito. Reconozco y celebro los logros del equipo para mantener alta la moral y motivación. Realizo evaluaciones periódicas para identificar qué está funcionando bien y entender por qué. Siempre busco áreas de mejora y oportunidades para optimizar aún más nuestros procesos y resultados. Identifico y refuerzo las buenas prácticas que han contribuido al éxito, asegurándome de que se conviertan en parte del enfoque estándar del equipo. Ofrezco oportunidades de capacitación y desarrollo para que el equipo siga creciendo y mejorando sus habilidades. Utilizo el tiempo de estabilidad para planificar a largo plazo y prepararme para posibles desafíos futuros. Proporciono feedback positivo continuo para mantener la energía y el enfoque del equipo. En resumen, me aseguro de que el equipo se sienta valorado y preparado para mantener el éxito a largo plazo, mientras seguimos buscando maneras de mejorar.","Informo a mi equipo sobre los estándares y expectativas clave para su trabajo de la siguiente manera. Primero, organizo reuniones de equipo donde explico claramente los estándares y expectativas, utilizando ejemplos concretos para ilustrar lo que se espera. Proporciono documentación escrita, como manuales de procedimientos o guías de trabajo, que detalla estos estándares. Aseguro que todos entiendan mediante sesiones de preguntas y respuestas, donde pueden aclarar cualquier duda. Ofrezco retroalimentación continua y específica durante el trabajo, reforzando los estándares y expectativas a medida que avanzamos. Finalmente, realizo evaluaciones periódicas para revisar el cumplimiento de los estándares y ajustar las expectativas si es necesario."
Si,25-34 años,Licenciatura,"Guío a otros hacia las recompensas estableciendo metas claras y proporcionando retroalimentación regular. Me aseguro de que todos entiendan los criterios para obtener recompensas y les ofrezco apoyo para alcanzar sus objetivos.
","Reconozco y recompenso a quienes alcanzan sus metas con elogios públicos durante reuniones de equipo y pequeños incentivos como tarjetas de regalo o tiempo libre adicional. Esto motiva al equipo y demuestra que sus esfuerzos son valorados.
","Comunico las recompensas disponibles a través de reuniones de equipo y correos electrónicos, destacando ejemplos de éxitos pasados. Utilizo historias de éxito para inspirar y motivar a todos.
","Apoyo el desarrollo personal y profesional proporcionando oportunidades de capacitación y alentando la participación en proyectos desafiantes. También ofrezco mentoría y retroalimentación continua para ayudar a todos a crecer en sus roles.
","Les hago saber mi opinión sobre su desempeño a través de reuniones individuales y retroalimentación escrita. Me aseguro de que la retroalimentación sea específica, constructiva y orientada a su desarrollo.
","Me acerco a ellos para conversar en privado, escucho sus preocupaciones y busco maneras de integrarlos mejor en el equipo. Esto puede incluir asignarles roles más activos en proyectos o fomentar interacciones más frecuentes con otros miembros del equipo.
","Mantengo una actitud positiva y accesible, mostrando respeto y agradecimiento por sus contribuciones. Fomento un ambiente de trabajo amigable y colaborativo donde todos se sientan valorados y cómodos.
","Cumplo con mis promesas, soy honesto y transparente en mis comunicaciones, y brindo apoyo constante a mi equipo. También demuestro integridad y coherencia en mis acciones.
","Reconozco sus logros y les muestro cómo sus contribuciones son valiosas para el equipo y la organización. Destaco el impacto positivo de su trabajo y creo un sentido de pertenencia y propósito.
","Desgloso los objetivos en pasos claros y específicos, y utilizo herramientas visuales para comunicar el plan a mi equipo. Me aseguro de que todos entiendan sus roles y responsabilidades, y mantengo una comunicación continua para resolver cualquier duda.
","Pinto una imagen clara del éxito y uso ejemplos concretos para ilustrar los beneficios de alcanzar nuestras metas. Utilizo historias inspiradoras y recursos visuales para hacer que la visión sea atractiva y motivadora.
","Conecto su trabajo con los objetivos de la organización y destaco el impacto positivo de sus contribuciones. Les muestro cómo su trabajo marca una diferencia y les proporciono oportunidades para crecer y desarrollarse.
","Animo a cuestionar las prácticas existentes y organizo sesiones de lluvia de ideas para proponer nuevas soluciones. Fomento un ambiente donde se valore la creatividad y se permita la experimentación.
","Facilito debates abiertos y presento ejemplos de soluciones exitosas de otras industrias. Invito a expertos externos y utilizo técnicas de resolución de problemas creativas para explorar nuevas perspectivas.
","Planteo preguntas provocadoras y promuevo un ambiente seguro para compartir nuevas ideas. Fomento la diversidad de pensamiento y la colaboración interdisciplinaria para explorar diferentes enfoques.
","Valoro los métodos efectivos pero siempre estoy abierto a mejoras y nuevas ideas. Fomento una mentalidad de mejora continua y animo al equipo a evaluar y ajustar los procesos regularmente.
","Escucho activamente, evalúo objetivamente y explico las decisiones de manera transparente. Fomento un ambiente donde todos se sientan cómodos compartiendo sus ideas y sugerencias.
","Alineo las expectativas con los objetivos de la organización, las habilidades del equipo y los recursos disponibles. Considero el desempeño pasado y el feedback del equipo para asegurar que las expectativas sean realistas y alcanzables.
","Establezco criterios claros, los comunico en reuniones y documentos, y proporciono retroalimentación continua. Utilizo ejemplos concretos para ilustrar lo que se espera y aseguro que todos entiendan estos estándares.
","Reconozco los logros del equipo, busco áreas de mejora continua y planifico a largo plazo. Fomento la estabilidad mientras seguimos buscando maneras de optimizar nuestros procesos y resultados.
","Organizo reuniones, proporciono documentación detallada y ofrezco sesiones de preguntas y respuestas para asegurar la comprensión. Mantengo una comunicación continua y proporciono apoyo para alcanzar los estándares establecidos."
Si,18-24 años,Educación secundaria,"No tengo la responsabilidad de guiar a otros hacia recompensas, me enfoco en mis propias tareas.
","No tengo la autoridad para reconocer o recompensar a los demás, eso lo hace mi supervisor.
","No me encargo de eso, pero a veces comparto información sobre recompensas que escucho en las reuniones.
","Apoyo a mis compañeros dando consejos y compartiendo recursos útiles cuando puedo. 📚
","Comparto mi opinión cuando me lo piden, pero no tengo una posición formal para dar retroalimentación.
","Trato de ser amigable y hacerlos sentir bienvenidos, invitándolos a participar en actividades de equipo.
","Mantengo una actitud positiva y trato de ser accesible y amigable. 😊
","Cumplo con mis tareas a tiempo y trato de ser honesto y confiable con mis compañeros.
","No tengo un rol formal para incentivar a otros, pero trato de ser un buen compañero de equipo.
","No tengo la responsabilidad de comunicar planes y objetivos, solo sigo las instrucciones de mi supervisor.
","No tengo la responsabilidad de motivar al equipo con visiones, pero trato de apoyar las ideas de los demás.
","Comparto mi entusiasmo por nuestro trabajo y trato de mantener una actitud positiva.
","No tengo la responsabilidad de fomentar la innovación, pero comparto ideas cuando se me ocurre algo útil. 💡
","No tengo un rol formal para presentar nuevas perspectivas, pero comento mis ideas en reuniones de equipo.
","Animo a mis compañeros a compartir sus ideas, pero no tengo autoridad para cuestionar las prácticas existentes.
","Sigo los métodos establecidos y trato de hacer mi trabajo lo mejor posible.
","Escucho y comparto mis opiniones cuando es apropiado, pero no tomo decisiones sobre la dirección del equipo.
","No determino las expectativas del equipo, solo sigo las directrices que nos dan.
","No tengo la responsabilidad de definir o comunicar estándares de desempeño, eso lo hace mi supervisor.
","Continúo haciendo mi trabajo como siempre y trato de mantener el buen desempeño.
","No tengo la responsabilidad de informar al equipo sobre los estándares, solo sigo las instrucciones que nos dan."
Si,18-24 años,Educación técnica/profesional,No tengo la resposabilidad de guiar a otros asia recompenzas. Me enfocó en cumplir con mis propias tareas y apollar a mis compañeros cuando puedo.,"No tengo auteridad para reconozer o recompenzar a otros, pero siempre felisito a mis compañeros por sus logros. ¡Tod0s merecen reconosimiento!","A veses comparto informasion sobre recompenzas que escucho en las reunionez, pero no me encargo de eso directamete.",Apoyo a mis compañeros dando consej0s y compartiendo recursos útilez cuando puedo. Me gusta ver a tod0s crecer y mejorar. 📚,"Comparto mi opnión cuando me lo piden, pero no tengo una posisión formal para dar retroalimentación. Trato de ser onecto y constructivo.","Trato de ser amigable y acerlos sentir vienvenidos, invitandolos a participar en actividazes de equipo. Nadie devería sentirse excluido.",Mantengo una actitu positiva y trato de ser accesible y amigable. Siempre es bueno sonrreir y ser amable. 💙,"Cumplo con mis tareaz a tiempo y trato de ser onecto y confiable con mis compañeros. La confiancia se gana día a día.

","No tengo un rol formal para incentivar a otroz, pero trato de ser un buen compañero de equipo. Valoro el trabajo en equipo y lo demuestro.

","No tengo la responzabilidad de comunicar planez y objetivoz, solo sigo las instruccionez de mi supervizor. A vecez comparto mi entendimiendo para asegurarme de que estamos aliniadoz.

","No tengo la responzabilidad de motivar al equipo con vizionez, pero trato de apoyar laz ideaz de loz demás. La motibazión ez importante para todoz.

","Comparto mi entuziazmo por nueztro trabajo y trato de mantener una actitu positiva. Cada tarea tiene su valor y lo resalto.

","No tengo la responzabilidad de fomentar la innobazión, pero comparto idea cuando se me ocurra algo útiz.  La creatividaz ez clave.

","No tengo un rol formal para presentar nuevaz perspectiváz, pero comento mi idea en reunionez de equipo. Eshcuchar diverzaz opinionez siempre ayuda.

","Animo a mi compañeroz a compartir su idea, pero no tengo autoridaz para cuestionar laz practicaz existentez. La colaborazión ez ezéncial.

","Sigo loz métodoz etablecidoz y trato de hacer mi trabajo lo mejor pocible. A vecez sugiero mejora, pero repecto loz procesoz.

","Eshcucho y comparto mi opinionez cuando ez apropiado, pero no tomo decicionez sobre la direczión del equipo. La comunicazión ez clave.

","No determino laz expectativaz del equipo, solo sigo laz directriz que noz dan. A vecez doy mi opinón si me lo piden.

","No tengo la responzabilidad de definir o comunicar estandare de dezempeño, ezo lo haze mi supervizor. Sigo laz instruczionez al pie de la letra.

","Continuo haziendo mi trabajo como ziempre y trato de mantener el buen dezempeño. Ziempre hay epazcio para mejorar.

","No tengo la responzabilidad de informar al equipo zobre loz estandare, zolo sigo laz instruczionez que noz dan. Me azeguro de entender bien lo que ze ezpera.

"